category,DIAL,GRAFT_COMM_ND_PBD_GE65,GRAFT_COMM_ND_PBD_LT65,GRAFT_COMM_FBD_GE65,GRAFT_COMM_FBD_LT65,GRAFT_INST,NE_DIAL_ND_PBD_NORIGDIS,NE_DIAL_FBD_NORIGDIS,NE_DIAL_ND_PBD_ORIGDIS,NE_DIAL_FBD_ORIGDIS,NE_GRAFT_ND_PBD_NORIGDIS,NE_GRAFT_FBD_NORIGDIS,NE_GRAFT_ND_PBD_ORIGDIS,NE_GRAFT_FBD_ORIGDIS
F0_34,0.644,0.0,0.198,0.0,0.308,1.174,0.0,0.0,0.0,0.0,0.0,0.0,0.0,0.0
F35_44,0.63,0.0,0.25,0.0,0.291,0.995,0.0,0.0,0.0,0.0,0.0,0.0,0.0,0.0
F45_54,0.564,0.0,0.292,0.0,0.328,1.199,0.0,0.0,0.0,0.0,0.0,0.0,0.0,0.0
F55_59,0.57,0.0,0.329,0.0,0.349,1.129,0.0,0.0,0.0,0.0,0.0,0.0,0.0,0.0
F60_64,0.569,0.0,0.373,0.0,0.423,1.067,0.0,0.0,0.0,0.0,0.0,0.0,0.0,0.0
F65_69,0.63,0.301,0.0,0.402,0.0,1.273,0.0,0.0,0.0,0.0,0.0,0.0,0.0,0.0
F70_74,0.624,0.359,0.0,0.464,0.0,1.202,0.0,0.0,0.0,0.0,0.0,0.0,0.0,0.0
F75_79,0.617,0.42,0.0,0.545,0.0,1.046,0.0,0.0,0.0,0.0,0.0,0.0,0.0,0.0
F80_84,0.661,0.474,0.0,0.608,0.0,0.935,0.0,0.0,0.0,0.0,0.0,0.0,0.0,0.0
F85_89,0.629,0.57,0.0,0.714,0.0,0.822,0.0,0.0,0.0,0.0,0.0,0.0,0.0,0.0
F90_94,0.629,0.678,0.0,0.803,0.0,0.7,0.0,0.0,0.0,0.0,0.0,0.0,0.0,0.0
F95_GT,0.629,0.686,0.0,0.804,0.0,0.56,0.0,0.0,0.0,0.0,0.0,0.0,0.0,0.0
M0_34,0.616,0.0,0.102,0.0,0.187,1.043,0.0,0.0,0.0,0.0,0.0,0.0,0.0,0.0
M35_44,0.604,0.0,0.155,0.0,0.2,0.893,0.0,0.0,0.0,0.0,0.0,0.0,0.0,0.0
M45_54,0.551,0.0,0.197,0.0,0.257,1.148,0.0,0.0,0.0,0.0,0.0,0.0,0.0,0.0
M55_59,0.557,0.0,0.249,0.0,0.35,1.143,0.0,0.0,0.0,0.0,0.0,0.0,0.0,0.0
M60_64,0.569,0.0,0.298,0.0,0.425,1.074,0.0,0.0,0.0,0.0,0.0,0.0,0.0,0.0
M65_69,0.577,0.303,0.0,0.486,0.0,1.323,0.0,0.0,0.0,0.0,0.0,0.0,0.0,0.0
M70_74,0.551,0.358,0.0,0.57,0.0,1.265,0.0,0.0,0.0,0.0,0.0,0.0,0.0,0.0
M75_79,0.601,0.451,0.0,0.646,0.0,1.353,0.0,0.0,0.0,0.0,0.0,0.0,0.0,0.0
M80_84,0.635,0.512,0.0,0.714,0.0,1.268,0.0,0.0,0.0,0.0,0.0,0.0,0.0,0.0
M85_89,0.635,0.599,0.0,0.825,0.0,1.157,0.0,0.0,0.0,0.0,0.0,0.0,0.0,0.0
M90_94,0.635,0.73,0.0,0.906,0.0,0.973,0.0,0.0,0.0,0.0,0.0,0.0,0.0,0.0
M95_GT,0.635,0.825,0.0,0.965,0.0,0.854,0.0,0.0,0.0,0.0,0.0,0.0,0.0,0.0
OriginallyDisabled_Female,0.024,0.219,0.0,0.143,0.0,0.0,0.0,0.0,0.0,0.0,0.0,0.0,0.0,0.0
OriginallyDisabled_Male,0.0,0.125,0.0,0.136,0.0,0.0,0.0,0.0,0.0,0.0,0.0,0.0,0.0,0.0
Originally_ESRD_Female,-0.024,0.0,0.0,0.0,0.0,0.0,0.0,0.0,0.0,0.0,0.0,0.0,0.0,0.0
Originally_ESRD_Male,0.017,0.0,0.0,0.0,0.0,0.0,0.0,0.0,0.0,0.0,0.0,0.0,0.0,0.0
LTI_Aged,0.02,0.0,0.0,0.0,0.0,0.0,0.0,0.0,0.0,0.0,0.0,0.0,0.0,0.0
LTI_NonAged,0.098,0.0,0.0,0.0,0.0,0.0,0.0,0.0,0.0,0.0,0.0,0.0,0.0,0.0
FBDual_Female_Aged,0.06,0.0,0.0,0.0,0.0,0.0,0.0,0.0,0.0,0.0,0.0,0.0,0.0,0.0
FBDual_Female_NonAged,0.082,0.0,0.0,0.0,0.0,0.0,0.0,0.0,0.0,0.0,0.0,0.0,0.0,0.0
FBDual_Male_Aged,0.128,0.0,0.0,0.0,0.0,0.0,0.0,0.0,0.0,0.0,0.0,0.0,0.0,0.0
FBDual_Male_NonAged,0.076,0.0,0.0,0.0,0.0,0.0,0.0,0.0,0.0,0.0,0.0,0.0,0.0,0.0
PBDual_Female_Aged,0.0,0.0,0.0,0.0,0.0,0.0,0.0,0.0,0.0,0.0,0.0,0.0,0.0,0.0
PBDual_Female_NonAged,0.0,0.0,0.0,0.0,0.0,0.0,0.0,0.0,0.0,0.0,0.0,0.0,0.0,0.0
PBDual_Male_Aged,0.0,0.0,0.0,0.0,0.0,0.0,0.0,0.0,0.0,0.0,0.0,0.0,0.0,0.0
PBDual_Male_NonAged,0.0,0.0,0.0,0.0,0.0,0.0,0.0,0.0,0.0,0.0,0.0,0.0,0.0,0.0
HCC1,0.122,0.292,0.331,0.381,0.319,1.302,0.0,0.0,0.0,0.0,0.0,0.0,0.0,0.0
HCC2,0.087,0.324,0.411,0.396,0.532,0.27,0.0,0.0,0.0,0.0,0.0,0.0,0.0,0.0
HCC6,0.076,0.364,0.688,0.53,0.782,0.571,0.0,0.0,0.0,0.0,0.0,0.0,0.0,0.0
HCC8,0.353,3.057,3.058,2.932,3.226,1.571,0.0,0.0,0.0,0.0,0.0,0.0,0.0,0.0
HCC9,0.181,1.226,1.075,1.179,1.089,0.77,0.0,0.0,0.0,0.0,0.0,0.0,0.0,0.0
HCC10,0.111,0.608,0.595,0.628,0.78,0.467,0.0,0.0,0.0,0.0,0.0,0.0,0.0,0.0
HCC11,0.059,0.312,0.257,0.325,0.362,0.346,0.0,0.0,0.0,0.0,0.0,0.0,0.0,0.0
HCC12,0.045,0.162,0.189,0.17,0.182,0.219,0.0,0.0,0.0,0.0,0.0,0.0,0.0,0.0
HCC17,0.084,0.219,0.241,0.233,0.296,0.359,0.0,0.0,0.0,0.0,0.0,0.0,0.0,0.0
HCC18,0.084,0.219,0.241,0.233,0.296,0.359,0.0,0.0,0.0,0.0,0.0,0.0,0.0,0.0
HCC19,0.084,0.073,0.083,0.051,0.102,0.128,0.0,0.0,0.0,0.0,0.0,0.0,0.0,0.0
HCC21,0.068,0.549,0.87,0.712,0.963,0.326,0.0,0.0,0.0,0.0,0.0,0.0,0.0,0.0
HCC22,0.081,0.171,0.141,0.292,0.192,0.435,0.0,0.0,0.0,0.0,0.0,0.0,0.0,0.0
HCC23,0.036,0.217,0.39,0.246,0.317,0.332,0.0,0.0,0.0,0.0,0.0,0.0,0.0,0.0
HCC27,0.196,0.886,0.92,0.985,1.149,0.764,0.0,0.0,0.0,0.0,0.0,0.0,0.0,0.0
HCC28,0.069,0.34,0.342,0.414,0.387,0.327,0.0,0.0,0.0,0.0,0.0,0.0,0.0,0.0
HCC29,0.061,0.146,0.342,0.059,0.292,0.327,0.0,0.0,0.0,0.0,0.0,0.0,0.0,0.0
HCC33,0.078,0.25,0.474,0.254,0.458,0.278,0.0,0.0,0.0,0.0,0.0,0.0,0.0,0.0
HCC34,0.068,0.318,0.543,0.419,0.721,0.178,0.0,0.0,0.0,0.0,0.0,0.0,0.0,0.0
HCC35,0.048,0.35,0.469,0.286,0.503,0.287,0.0,0.0,0.0,0.0,0.0,0.0,0.0,0.0
HCC39,0.092,0.431,0.44,0.578,0.537,0.434,0.0,0.0,0.0,0.0,0.0,0.0,0.0,0.0
HCC40,0.058,0.414,0.353,0.313,0.299,0.284,0.0,0.0,0.0,0.0,0.0,0.0,0.0,0.0
HCC46,0.223,1.346,4.064,1.361,3.98,0.748,0.0,0.0,0.0,0.0,0.0,0.0,0.0,0.0
HCC47,0.078,0.64,0.803,0.539,0.656,0.523,0.0,0.0,0.0,0.0,0.0,0.0,0.0,0.0
HCC48,0.063,0.192,0.319,0.24,0.358,0.226,0.0,0.0,0.0,0.0,0.0,0.0,0.0,0.0
HCC51,0.042,0.314,0.282,0.399,0.348,0.0,0.0,0.0,0.0,0.0,0.0,0.0,0.0,0.0
HCC52,0.042,0.314,0.282,0.399,0.348,0.0,0.0,0.0,0.0,0.0,0.0,0.0,0.0,0.0
HCC54,0.111,0.274,0.521,0.416,1.071,0.172,0.0,0.0,0.0,0.0,0.0,0.0,0.0,0.0
HCC55,0.111,0.274,0.256,0.416,0.355,0.172,0.0,0.0,0.0,0.0,0.0,0.0,0.0,0.0
HCC56,0.111,0.274,0.169,0.416,0.267,0.172,0.0,0.0,0.0,0.0,0.0,0.0,0.0,0.0
HCC57,0.111,0.507,0.372,0.572,0.398,0.23,0.0,0.0,0.0,0.0,0.0,0.0,0.0,0.0
HCC58,0.111,0.507,0.295,0.572,0.145,0.23,0.0,0.0,0.0,0.0,0.0,0.0,0.0,0.0
HCC59,0.066,0.225,0.145,0.259,0.129,0.133,0.0,0.0,0.0,0.0,0.0,0.0,0.0,0.0
HCC60,0.066,0.225,0.145,0.131,0.047,0.0,0.0,0.0,0.0,0.0,0.0,0.0,0.0,0.0
HCC70,0.185,1.126,0.906,0.964,0.892,0.645,0.0,0.0,0.0,0.0,0.0,0.0,0.0,0.0
HCC71,0.151,0.925,0.605,0.786,0.76,0.511,0.0,0.0,0.0,0.0,0.0,0.0,0.0,0.0
HCC72,0.099,0.495,0.456,0.523,0.431,0.222,0.0,0.0,0.0,0.0,0.0,0.0,0.0,0.0
HCC73,0.213,1.256,1.4,1.57,1.644,0.739,0.0,0.0,0.0,0.0,0.0,0.0,0.0,0.0
HCC74,0.057,0.226,0.094,0.0,0.0,0.0,0.0,0.0,0.0,0.0,0.0,0.0,0.0,0.0
HCC75,0.074,0.573,0.599,0.43,0.493,0.344,0.0,0.0,0.0,0.0,0.0,0.0,0.0,0.0
HCC76,0.136,0.471,0.745,0.381,0.842,0.322,0.0,0.0,0.0,0.0,0.0,0.0,0.0,0.0
HCC77,0.111,0.621,0.876,0.749,1.113,0.042,0.0,0.0,0.0,0.0,0.0,0.0,0.0,0.0
HCC78,0.079,0.588,0.457,0.608,0.442,0.206,0.0,0.0,0.0,0.0,0.0,0.0,0.0,0.0
HCC79,0.053,0.249,0.195,0.223,0.167,0.07,0.0,0.0,0.0,0.0,0.0,0.0,0.0,0.0
HCC80,0.076,0.542,0.277,0.679,0.289,0.063,0.0,0.0,0.0,0.0,0.0,0.0,0.0,0.0
HCC82,0.161,0.83,0.946,1.874,1.476,1.449,0.0,0.0,0.0,0.0,0.0,0.0,0.0,0.0
HCC83,0.112,0.449,0.496,0.843,0.613,0.481,0.0,0.0,0.0,0.0,0.0,0.0,0.0,0.0
HCC84,0.061,0.293,0.496,0.45,0.613,0.199,0.0,0.0,0.0,0.0,0.0,0.0,0.0,0.0
HCC85,0.063,0.251,0.273,0.257,0.302,0.169,0.0,0.0,0.0,0.0,0.0,0.0,0.0,0.0
HCC86,0.151,0.219,0.252,0.419,0.534,0.28,0.0,0.0,0.0,0.0,0.0,0.0,0.0,0.0
HCC87,0.12,0.209,0.241,0.276,0.463,0.28,0.0,0.0,0.0,0.0,0.0,0.0,0.0,0.0
HCC88,0.043,0.136,0.135,0.071,0.152,0.28,0.0,0.0,0.0,0.0,0.0,0.0,0.0,0.0
HCC96,0.049,0.252,0.269,0.346,0.291,0.227,0.0,0.0,0.0,0.0,0.0,0.0,0.0,0.0
HCC99,0.062,0.219,0.194,0.355,0.438,0.082,0.0,0.0,0.0,0.0,0.0,0.0,0.0,0.0
HCC100,0.062,0.219,0.181,0.355,0.302,0.082,0.0,0.0,0.0,0.0,0.0,0.0,0.0,0.0
HCC103,0.071,0.388,0.331,0.414,0.391,0.013,0.0,0.0,0.0,0.0,0.0,0.0,0.0,0.0
HCC104,0.047,0.311,0.162,0.274,0.353,0.013,0.0,0.0,0.0,0.0,0.0,0.0,0.0,0.0
HCC106,0.358,1.344,1.397,1.74,1.665,0.873,0.0,0.0,0.0,0.0,0.0,0.0,0.0,0.0
HCC107,0.144,0.348,0.436,0.586,0.547,0.324,0.0,0.0,0.0,0.0,0.0,0.0,0.0,0.0
HCC108,0.073,0.257,0.273,0.287,0.283,0.074,0.0,0.0,0.0,0.0,0.0,0.0,0.0,0.0
HCC110,0.125,0.919,2.244,1.348,3.09,0.329,0.0,0.0,0.0,0.0,0.0,0.0,0.0,0.0
HCC111,0.058,0.291,0.187,0.344,0.256,0.272,0.0,0.0,0.0,0.0,0.0,0.0,0.0,0.0
HCC112,0.058,0.201,0.187,0.147,0.256,0.08,0.0,0.0,0.0,0.0,0.0,0.0,0.0,0.0
HCC114,0.09,0.486,0.428,0.582,0.344,0.154,0.0,0.0,0.0,0.0,0.0,0.0,0.0,0.0
HCC115,0.03,0.205,0.154,0.248,0.207,0.154,0.0,0.0,0.0,0.0,0.0,0.0,0.0,0.0
HCC122,0.006,0.321,0.333,0.357,0.363,0.727,0.0,0.0,0.0,0.0,0.0,0.0,0.0,0.0
HCC124,0.057,0.601,0.379,0.383,0.27,0.206,0.0,0.0,0.0,0.0,0.0,0.0,0.0,0.0
HCC157,0.219,1.833,1.97,2.333,2.366,1.029,0.0,0.0,0.0,0.0,0.0,0.0,0.0,0.0
HCC158,0.158,1.038,1.076,1.266,1.141,0.243,0.0,0.0,0.0,0.0,0.0,0.0,0.0,0.0
HCC159,0.127,0.795,0.946,0.94,0.894,0.243,0.0,0.0,0.0,0.0,0.0,0.0,0.0,0.0
HCC161,0.127,0.582,0.65,0.782,0.65,0.243,0.0,0.0,0.0,0.0,0.0,0.0,0.0,0.0
HCC162,0.155,0.503,0.142,1.053,0.534,0.0,0.0,0.0,0.0,0.0,0.0,0.0,0.0,0.0
HCC166,0.076,0.542,0.277,1.053,0.289,0.063,0.0,0.0,0.0,0.0,0.0,0.0,0.0,0.0
HCC167,0.043,0.162,0.1,0.239,0.107,0.0,0.0,0.0,0.0,0.0,0.0,0.0,0.0,0.0
HCC169,0.099,0.475,0.456,0.523,0.431,0.184,0.0,0.0,0.0,0.0,0.0,0.0,0.0,0.0
HCC170,0.063,0.358,0.407,0.425,0.43,0.0,0.0,0.0,0.0,0.0,0.0,0.0,0.0,0.0
HCC173,0.05,0.16,0.082,0.341,0.145,0.0,0.0,0.0,0.0,0.0,0.0,0.0,0.0,0.0
HCC176,0.0,0.61,0.9,0.735,1.017,0.586,0.0,0.0,0.0,0.0,0.0,0.0,0.0,0.0
HCC186,0.138,0.0,0.0,0.0,0.0,0.0,0.0,0.0,0.0,0.0,0.0,0.0,0.0,0.0
HCC188,0.087,0.558,0.772,0.728,0.786,0.272,0.0,0.0,0.0,0.0,0.0,0.0,0.0,0.0
HCC189,0.081,0.52,0.525,0.729,0.831,0.396,0.0,0.0,0.0,0.0,0.0,0.0,0.0,0.0
HCC47_gCancer,0.048,0.78,0.654,0.841,0.647,0.0,0.0,0.0,0.0,0.0,0.0,0.0,0.0,0.0
DIABETES_CHF,0.0,0.132,0.112,0.223,0.159,0.205,0.0,0.0,0.0,0.0,0.0,0.0,0.0,0.0
CHF_gCopdCF,0.003,0.134,0.154,0.166,0.209,0.165,0.0,0.0,0.0,0.0,0.0,0.0,0.0,0.0
gCopdCF_CARD_RESP_FAIL,0.029,0.333,0.326,0.43,0.432,0.356,0.0,0.0,0.0,0.0,0.0,0.0,0.0,0.0
HCC85_HCC96,0.05,0.109,0.308,0.194,0.467,0.0,0.0,0.0,0.0,0.0,0.0,0.0,0.0,0.0
gSubUseDs_gPsych_V24,0.0,0.0,0.122,0.0,0.205,0.0,0.0,0.0,0.0,0.0,0.0,0.0,0.0,0.0
SEPSIS_PRESSURE_ULCER_V24,0.0,0.0,0.0,0.0,0.0,0.196,0.0,0.0,0.0,0.0,0.0,0.0,0.0,0.0
SEPSIS_ARTIF_OPENINGS,0.0,0.0,0.0,0.0,0.0,0.496,0.0,0.0,0.0,0.0,0.0,0.0,0.0,0.0
ART_OPENINGS_PRESSURE_ULCER_V24,0.0,0.0,0.0,0.0,0.0,0.476,0.0,0.0,0.0,0.0,0.0,0.0,0.0,0.0
gCopdCF_ASP_SPEC_B_PNEUM,0.0,0.0,0.0,0.0,0.0,0.143,0.0,0.0,0.0,0.0,0.0,0.0,0.0,0.0
ASP_SPEC_B_PNEUM_PRES_ULC_V24,0.0,0.0,0.0,0.0,0.0,0.336,0.0,0.0,0.0,0.0,0.0,0.0,0.0,0.0
SEPSIS_ASP_SPEC_BACT_PNEUM,0.0,0.0,0.0,0.0,0.0,0.162,0.0,0.0,0.0,0.0,0.0,0.0,0.0,0.0
SCHIZOPHRENIA_gCopdCF,0.0,0.0,0.0,0.0,0.0,0.38,0.0,0.0,0.0,0.0,0.0,0.0,0.0,0.0
SCHIZOPHRENIA_CHF,0.0,0.0,0.0,0.0,0.0,0.119,0.0,0.0,0.0,0.0,0.0,0.0,0.0,0.0
SCHIZOPHRENIA_SEIZURES,0.0,0.0,0.0,0.0,0.0,0.411,0.0,0.0,0.0,0.0,0.0,0.0,0.0,0.0
NONAGED_gSubUseDs_gPsych,0.055,0.0,0.0,0.0,0.0,0.0,0.0,0.0,0.0,0.0,0.0,0.0,0.0,0.0
NONAGED_HCC6,0.043,0.0,0.0,0.0,0.0,0.209,0.0,0.0,0.0,0.0,0.0,0.0,0.0,0.0
NONAGED_HCC34,0.128,0.0,0.0,0.0,0.0,0.0,0.0,0.0,0.0,0.0,0.0,0.0,0.0,0.0
NONAGED_HCC46,0.22,0.0,0.0,0.0,0.0,0.0,0.0,0.0,0.0,0.0,0.0,0.0,0.0,0.0
NONAGED_HCC110,0.657,0.0,0.0,0.0,0.0,0.0,0.0,0.0,0.0,0.0,0.0,0.0,0.0,0.0
NONAGED_HCC176,0.041,0.0,0.0,0.0,0.0,0.0,0.0,0.0,0.0,0.0,0.0,0.0,0.0,0.0
NONAGED_HCC85,0.0,0.0,0.0,0.0,0.0,0.491,0.0,0.0,0.0,0.0,0.0,0.0,0.0,0.0
NONAGED_PRESSURE_ULCER_V24,0.0,0.0,0.0,0.0,0.0,0.349,0.0,0.0,0.0,0.0,0.0,0.0,0.0,0.0
NONAGED_HCC161,0.0,0.0,0.0,0.0,0.0,0.271,0.0,0.0,0.0,0.0,0.0,0.0,0.0,0.0
NONAGED_HCC39,0.0,0.0,0.0,0.0,0.0,0.451,0.0,0.0,0.0,0.0,0.0,0.0,0.0,0.0
NONAGED_HCC77,0.0,0.0,0.0,0.0,0.0,0.484,0.0,0.0,0.0,0.0,0.0,0.0,0.0,0.0
NEF0_34,0.0,0.0,0.0,0.0,0.0,0.0,0.76,0.981,0.938,1.207,0.705,1.016,0.0,0.0
NEF35_44,0.0,0.0,0.0,0.0,0.0,0.0,0.747,0.944,0.938,1.207,0.942,1.291,0.0,0.0
NEF45_54,0.0,0.0,0.0,0.0,0.0,0.0,0.741,0.869,0.938,1.118,1.145,1.403,0.0,0.0
NEF55_59,0.0,0.0,0.0,0.0,0.0,0.0,0.728,0.892,0.938,1.118,1.142,1.278,0.0,0.0
NEF60_64,0.0,0.0,0.0,0.0,0.0,0.0,0.768,0.892,0.938,1.118,1.202,1.384,0.0,0.0
NEF65_69,0.0,0.0,0.0,0.0,0.0,0.0,0.936,1.094,1.049,1.217,0.0,0.0,0.0,0.0
NEF70_74,0.0,0.0,0.0,0.0,0.0,0.0,0.963,1.102,1.036,1.196,0.688,1.034,1.265,2.004
NEF75_79,0.0,0.0,0.0,0.0,0.0,0.0,0.963,1.142,1.018,1.196,0.893,1.119,1.265,2.004
NEF80_84,0.0,0.0,0.0,0.0,0.0,0.0,0.991,1.189,1.018,1.196,0.98,1.331,1.265,2.004
NEF85_GT,0.0,0.0,0.0,0.0,0.0,0.0,0.963,1.154,1.018,1.196,0.0,0.0,0.0,0.0
NEM0_34,0.0,0.0,0.0,0.0,0.0,0.0,0.72,0.883,0.944,1.074,0.405,0.732,0.0,0.0
NEM35_44,0.0,0.0,0.0,0.0,0.0,0.0,0.708,0.883,0.944,1.074,0.663,1.253,0.0,0.0
NEM45_54,0.0,0.0,0.0,0.0,0.0,0.0,0.69,0.827,0.851,1.074,0.898,1.407,0.0,0.0
NEM55_59,0.0,0.0,0.0,0.0,0.0,0.0,0.718,0.862,0.847,1.096,0.976,1.464,0.0,0.0
NEM60_64,0.0,0.0,0.0,0.0,0.0,0.0,0.755,0.881,0.859,1.126,1.048,1.529,0.0,0.0
NEM65_69,0.0,0.0,0.0,0.0,0.0,0.0,0.891,1.121,0.921,1.258,0.0,0.0,0.0,0.0
NEM70_74,0.0,0.0,0.0,0.0,0.0,0.0,0.868,1.082,0.902,1.258,0.801,1.443,1.286,1.942
NEM75_79,0.0,0.0,0.0,0.0,0.0,0.0,0.937,1.171,1.004,1.258,1.04,1.443,1.286,2.788
NEM80_84,0.0,0.0,0.0,0.0,0.0,0.0,0.982,1.181,1.004,1.258,1.234,1.489,1.286,2.788
NEM85_GT,0.0,0.0,0.0,0.0,0.0,0.0,0.978,1.181,1.004,1.258,0.0,0.0,0.0,0.0
NEF65,0.0,0.0,0.0,0.0,0.0,0.0,0.0,0.0,0.0,0.0,0.527,0.978,1.202,1.585
NEF66,0.0,0.0,0.0,0.0,0.0,0.0,0.0,0.0,0.0,0.0,0.527,0.982,1.265,1.585
NEF67,0.0,0.0,0.0,0.0,0.0,0.0,0.0,0.0,0.0,0.0,0.553,0.996,1.265,1.585
NEF68,0.0,0.0,0.0,0.0,0.0,0.0,0.0,0.0,0.0,0.0,0.579,0.996,1.265,2.004
NEF69,0.0,0.0,0.0,0.0,0.0,0.0,0.0,0.0,0.0,0.0,0.619,0.996,1.265,2.004
NEF85_89,0.0,0.0,0.0,0.0,0.0,0.0,0.0,0.0,0.0,0.0,1.275,1.549,1.275,2.004
NEF90_94,0.0,0.0,0.0,0.0,0.0,0.0,0.0,0.0,0.0,0.0,1.275,1.697,1.275,2.004
NEF95_GT,0.0,0.0,0.0,0.0,0.0,0.0,0.0,0.0,0.0,0.0,1.275,1.697,1.275,2.004
NEM65,0.0,0.0,0.0,0.0,0.0,0.0,0.0,0.0,0.0,0.0,0.562,1.171,1.048,1.711
NEM66,0.0,0.0,0.0,0.0,0.0,0.0,0.0,0.0,0.0,0.0,0.57,1.223,1.145,1.942
NEM67,0.0,0.0,0.0,0.0,0.0,0.0,0.0,0.0,0.0,0.0,0.612,1.308,1.145,1.942
NEM68,0.0,0.0,0.0,0.0,0.0,0.0,0.0,0.0,0.0,0.0,0.672,1.355,1.145,1.942
NEM69,0.0,0.0,0.0,0.0,0.0,0.0,0.0,0.0,0.0,0.0,0.678,1.443,1.286,1.942
NEM85_89,0.0,0.0,0.0,0.0,0.0,0.0,0.0,0.0,0.0,0.0,1.502,1.667,1.502,2.788
NEM90_94,0.0,0.0,0.0,0.0,0.0,0.0,0.0,0.0,0.0,0.0,1.502,1.964,1.502,2.788
NEM95_GT,0.0,0.0,0.0,0.0,0.0,0.0,0.0,0.0,0.0,0.0,1.502,1.964,1.502,2.788
