category,CE_NONLOW_AGED,CE_NONLOW_NONAGED,CE_LOW_AGED,CE_LOW_NONAGED,CE_LTI,NE_NONLOW_COMMUNITY,NE_LOW_COMMUNITY,NE_LTI
M0_34,0.0,0.177,0.0,0.596,2.494,0.0,0.0,0.0
M35_44,0.0,0.225,0.0,0.642,2.208,0.0,0.0,0.0
M45_54,0.0,0.287,0.0,0.582,1.87,0.0,0.0,0.0
M55_59,0.0,0.299,0.0,0.477,1.422,0.0,0.0,0.0
M60_64,0.0,0.284,0.0,0.357,1.096,0.0,0.0,0.0
M65_69,0.168,0.0,0.308,0.0,1.094,0.0,0.0,0.0
M70_74,0.144,0.0,0.225,0.0,0.793,0.0,0.0,0.0
M75_79,0.061,0.0,0.133,0.0,0.64,0.0,0.0,0.0
M80_84,0.061,0.0,0.029,0.0,0.459,0.0,0.0,0.0
M85_89,0.061,0.0,0.029,0.0,0.279,0.0,0.0,0.0
M90_94,0.061,0.0,0.029,0.0,0.169,0.0,0.0,0.0
M95_GT,0.061,0.0,0.029,0.0,0.033,0.0,0.0,0.0
F0_34,0.0,0.217,0.0,0.492,2.364,0.0,0.0,0.0
F35_44,0.0,0.327,0.0,0.689,2.659,0.0,0.0,0.0
F45_54,0.0,0.36,0.0,0.711,2.02,0.0,0.0,0.0
F55_59,0.0,0.324,0.0,0.557,1.667,0.0,0.0,0.0
F60_64,0.0,0.25,0.0,0.348,1.385,0.0,0.0,0.0
F65_69,0.123,0.0,0.299,0.0,1.448,0.0,0.0,0.0
F70_74,0.114,0.0,0.045,0.0,1.104,0.0,0.0,0.0
F75_79,0.04,0.0,0.045,0.0,0.793,0.0,0.0,0.0
F80_84,0.04,0.0,0.045,0.0,0.546,0.0,0.0,0.0
F85_89,0.04,0.0,0.045,0.0,0.353,0.0,0.0,0.0
F90_94,0.04,0.0,0.045,0.0,0.196,0.0,0.0,0.0
F95_GT,0.04,0.0,0.045,0.0,0.039,0.0,0.0,0.0
M65OD,0.0,0.0,0.175,0.0,0.0,0.0,0.0,0.0
F65OD,0.064,0.0,0.314,0.0,0.0,0.0,0.0,0.0
OD65,0.0,0.0,0.0,0.0,0.238,0.0,0.0,0.0
RXHCC1,8.6,10.526,9.721,10.232,6.509,0.0,0.0,0.0
RXHCC5,0.462,0.602,0.655,0.541,0.513,0.0,0.0,0.0
RXHCC15,6.212,5.29,15.122,20.493,10.251,0.0,0.0,0.0
RXHCC16,14.258,15.781,12.415,13.095,4.537,0.0,0.0,0.0
RXHCC17,6.212,5.29,10.006,9.133,4.537,0.0,0.0,0.0
RXHCC18,1.926,1.98,3.424,3.361,0.944,0.0,0.0,0.0
RXHCC19,1.926,1.705,2.526,2.436,0.944,0.0,0.0,0.0
RXHCC20,0.494,0.387,1.023,0.748,0.312,0.0,0.0,0.0
RXHCC21,0.399,0.134,0.362,0.267,0.144,0.0,0.0,0.0
RXHCC22,0.125,0.134,0.281,0.267,0.144,0.0,0.0,0.0
RXHCC30,0.499,0.539,0.944,1.432,0.908,0.0,0.0,0.0
RXHCC31,0.172,0.162,0.329,0.497,0.35,0.0,0.0,0.0
RXHCC40,3.764,8.639,7.461,10.248,1.434,0.0,0.0,0.0
RXHCC41,3.086,14.007,2.582,19.376,0.304,0.0,0.0,0.0
RXHCC42,2.104,4.202,2.702,6.142,0.703,0.0,0.0,0.0
RXHCC43,0.063,0.153,0.0,0.146,0.098,0.0,0.0,0.0
RXHCC44,0.071,0.16,0.153,0.294,0.148,0.0,0.0,0.0
RXHCC47,0.0,0.0,0.033,0.113,0.058,0.0,0.0,0.0
RXHCC54,0.721,0.851,1.004,0.825,1.12,0.0,0.0,0.0
RXHCC55,0.721,0.851,1.004,0.825,1.12,0.0,0.0,0.0
RXHCC56,0.353,0.669,1.235,0.77,0.343,0.0,0.0,0.0
RXHCC59,1.09,1.452,1.463,2.257,1.319,0.0,0.0,0.0
RXHCC65,0.355,0.65,0.603,0.923,0.585,0.0,0.0,0.0
RXHCC66,0.246,0.65,0.481,0.923,0.358,0.0,0.0,0.0
RXHCC67,0.499,0.51,1.131,2.321,0.454,0.0,0.0,0.0
RXHCC80,0.207,0.213,0.194,0.361,0.199,0.0,0.0,0.0
RXHCC81,0.76,0.602,4.634,7.477,2.561,0.0,0.0,0.0
RXHCC82,0.979,0.638,1.81,1.964,0.472,0.0,0.0,0.0
RXHCC83,0.222,0.308,1.115,1.964,0.472,0.0,0.0,0.0
RXHCC84,0.114,0.236,0.248,0.349,0.127,0.0,0.0,0.0
RXHCC87,0.056,0.198,0.228,0.431,0.0,0.0,0.0,0.0
RXHCC95,0.0,0.576,0.0,1.822,0.015,0.0,0.0,0.0
RXHCC96,0.71,0.549,0.812,1.035,0.221,0.0,0.0,0.0
RXHCC98,12.13,57.852,16.993,54.598,0.32,0.0,0.0,0.0
RXHCC99,0.939,0.619,1.451,1.292,0.823,0.0,0.0,0.0
RXHCC100,0.301,0.157,1.507,1.74,0.981,0.0,0.0,0.0
RXHCC111,0.0,0.0,0.0,0.0,0.0,0.0,0.0,0.0
RXHCC112,0.0,0.0,0.0,0.0,0.0,0.0,0.0,0.0
RXHCC130,0.238,0.265,0.719,1.419,0.348,0.0,0.0,0.0
RXHCC131,0.238,0.133,0.578,0.747,0.348,0.0,0.0,0.0
RXHCC132,0.07,0.05,0.183,0.255,0.161,0.0,0.0,0.0
RXHCC133,0.036,0.05,0.078,0.167,0.074,0.0,0.0,0.0
RXHCC146,0.522,0.125,0.421,0.384,0.0,0.0,0.0,0.0
RXHCC147,0.522,0.0,0.198,0.125,0.0,0.0,0.0,0.0
RXHCC148,0.522,0.0,0.03,0.021,0.0,0.0,0.0,0.0
RXHCC153,1.088,2.424,1.67,2.46,0.382,0.0,0.0,0.0
RXHCC154,0.755,1.442,0.433,1.621,0.171,0.0,0.0,0.0
RXHCC155,0.087,0.0,0.075,0.0,0.0,0.0,0.0,0.0
RXHCC157,3.778,6.876,5.273,7.772,1.813,0.0,0.0,0.0
RXHCC158,0.077,0.148,0.028,0.233,0.158,0.0,0.0,0.0
RXHCC159,3.765,5.515,5.266,9.29,2.778,0.0,0.0,0.0
RXHCC160,3.247,4.041,3.448,5.552,3.44,0.0,0.0,0.0
RXHCC161,0.548,0.794,0.601,0.846,0.607,0.0,0.0,0.0
RXHCC163,0.314,0.473,0.793,2.854,0.457,0.0,0.0,0.0
RXHCC164,0.069,0.0,0.052,0.184,0.0,0.0,0.0,0.0
RXHCC166,0.1,0.126,0.288,0.332,0.407,0.0,0.0,0.0
RXHCC168,0.094,0.275,0.263,0.416,0.286,0.0,0.0,0.0
RXHCC183,1.163,4.044,1.666,6.326,0.617,0.0,0.0,0.0
RXHCC184,0.151,0.294,0.195,0.38,0.224,0.0,0.0,0.0
RXHCC186,0.11,0.019,0.195,0.103,0.224,0.0,0.0,0.0
RXHCC187,0.057,0.005,0.113,0.084,0.077,0.0,0.0,0.0
RXHCC188,0.052,0.0,0.183,0.0,0.0,0.0,0.0,0.0
RXHCC191,0.152,0.708,0.521,0.313,0.264,0.0,0.0,0.0
RXHCC193,0.21,0.019,0.133,0.0,0.118,0.0,0.0,0.0
RXHCC207,0.15,0.099,0.165,0.0,0.0,0.0,0.0,0.0
RXHCC215,0.225,0.236,0.231,0.237,0.142,0.0,0.0,0.0
RXHCC225,4.674,25.855,2.618,31.03,1.39,0.0,0.0,0.0
RXHCC226,4.908,3.807,5.034,4.187,1.5,0.0,0.0,0.0
RXHCC227,0.4,0.57,0.53,1.345,0.433,0.0,0.0,0.0
RXHCC228,0.862,0.617,1.913,1.909,1.359,0.0,0.0,0.0
RXHCC229,0.239,0.103,0.494,0.399,0.433,0.0,0.0,0.0
RXHCC243,0.198,0.225,0.459,0.534,0.399,0.0,0.0,0.0
RXHCC244,0.067,0.0,0.103,0.0,0.046,0.0,0.0,0.0
RXHCC260,0.0,0.0,0.0,0.0,0.0,0.0,0.0,0.0
RXHCC261,0.017,0.0,0.0,0.0,0.0,0.0,0.0,0.0
RXHCC262,0.017,0.0,0.0,0.0,0.0,0.0,0.0,0.0
RXHCC263,0.017,0.0,0.0,0.0,0.0,0.0,0.0,0.0
RXHCC311,0.175,0.137,0.201,0.304,0.066,0.0,0.0,0.0
RXHCC314,0.315,0.828,0.518,0.727,0.33,0.0,0.0,0.0
RXHCC316,0.168,0.183,1.203,2.291,0.812,0.0,0.0,0.0
RXHCC317,0.114,0.236,0.041,0.0,0.0,0.0,0.0,0.0
RXHCC355,1.089,2.433,1.428,3.501,0.807,0.0,0.0,0.0
RXHCC395,4.447,2.35,6.133,3.958,2.413,0.0,0.0,0.0
RXHCC396,0.0,0.0,0.0,0.0,0.0,0.0,0.0,0.0
NONAGED_RXHCC1,0.0,0.0,0.0,0.0,2.755,0.0,0.0,0.0
NONAGED_RXHCC130,0.0,0.0,0.0,0.0,0.749,0.0,0.0,0.0
NONAGED_RXHCC131,0.0,0.0,0.0,0.0,0.749,0.0,0.0,0.0
NONAGED_RXHCC132,0.0,0.0,0.0,0.0,0.358,0.0,0.0,0.0
NONAGED_RXHCC133,0.0,0.0,0.0,0.0,0.011,0.0,0.0,0.0
NONAGED_RXHCC159,0.0,0.0,0.0,0.0,3.441,0.0,0.0,0.0
NONAGED_RXHCC163,0.0,0.0,0.0,0.0,0.705,0.0,0.0,0.0
NESRD_NORIGDIS_X_M0_34,0.0,0.0,0.0,0.0,0.0,1.142,1.839,3.3
NESRD_NORIGDIS_X_M35_44,0.0,0.0,0.0,0.0,0.0,1.142,1.839,3.3
NESRD_NORIGDIS_X_M45_54,0.0,0.0,0.0,0.0,0.0,1.181,1.839,2.868
NESRD_NORIGDIS_X_M55_59,0.0,0.0,0.0,0.0,0.0,1.181,1.801,2.728
NESRD_NORIGDIS_X_M60_64,0.0,0.0,0.0,0.0,0.0,1.181,1.631,2.365
NESRD_NORIGDIS_X_M65,0.0,0.0,0.0,0.0,0.0,0.467,1.122,2.365
NESRD_NORIGDIS_X_M66,0.0,0.0,0.0,0.0,0.0,0.488,0.762,2.365
NESRD_NORIGDIS_X_M67,0.0,0.0,0.0,0.0,0.0,0.526,0.762,1.67
NESRD_NORIGDIS_X_M68,0.0,0.0,0.0,0.0,0.0,0.526,0.705,1.67
NESRD_NORIGDIS_X_M69,0.0,0.0,0.0,0.0,0.0,0.526,0.666,1.668
NESRD_NORIGDIS_X_M70_74,0.0,0.0,0.0,0.0,0.0,0.619,0.65,1.668
NESRD_NORIGDIS_X_M75_79,0.0,0.0,0.0,0.0,0.0,0.619,0.65,1.668
NESRD_NORIGDIS_X_M80_84,0.0,0.0,0.0,0.0,0.0,0.619,0.589,1.046
NESRD_NORIGDIS_X_M85_89,0.0,0.0,0.0,0.0,0.0,0.708,0.589,1.046
NESRD_NORIGDIS_X_M90_94,0.0,0.0,0.0,0.0,0.0,0.708,0.334,0.74
NESRD_NORIGDIS_X_M95_GT,0.0,0.0,0.0,0.0,0.0,0.708,0.334,0.605
NESRD_NORIGDIS_X_F0_34,0.0,0.0,0.0,0.0,0.0,1.444,2.271,3.655
NESRD_NORIGDIS_X_F35_44,0.0,0.0,0.0,0.0,0.0,1.444,2.271,3.655
NESRD_NORIGDIS_X_F45_54,0.0,0.0,0.0,0.0,0.0,1.26,2.271,3.655
NESRD_NORIGDIS_X_F55_59,0.0,0.0,0.0,0.0,0.0,1.26,2.014,2.855
NESRD_NORIGDIS_X_F60_64,0.0,0.0,0.0,0.0,0.0,1.26,2.014,2.791
NESRD_NORIGDIS_X_F65,0.0,0.0,0.0,0.0,0.0,0.383,1.119,2.791
NESRD_NORIGDIS_X_F66,0.0,0.0,0.0,0.0,0.0,0.411,0.791,2.791
NESRD_NORIGDIS_X_F67,0.0,0.0,0.0,0.0,0.0,0.422,0.709,2.338
NESRD_NORIGDIS_X_F68,0.0,0.0,0.0,0.0,0.0,0.443,0.705,2.338
NESRD_NORIGDIS_X_F69,0.0,0.0,0.0,0.0,0.0,0.475,0.758,1.609
NESRD_NORIGDIS_X_F70_74,0.0,0.0,0.0,0.0,0.0,0.498,0.758,1.609
NESRD_NORIGDIS_X_F75_79,0.0,0.0,0.0,0.0,0.0,0.559,0.687,1.609
NESRD_NORIGDIS_X_F80_84,0.0,0.0,0.0,0.0,0.0,0.522,0.687,1.054
NESRD_NORIGDIS_X_F85_89,0.0,0.0,0.0,0.0,0.0,0.522,0.687,1.054
NESRD_NORIGDIS_X_F90_94,0.0,0.0,0.0,0.0,0.0,0.397,0.423,0.658
NESRD_NORIGDIS_X_F95_GT,0.0,0.0,0.0,0.0,0.0,0.397,0.423,0.658
ESRD_NORIGDIS_X_M0_34,0.0,0.0,0.0,0.0,0.0,1.142,1.839,2.349
ESRD_NORIGDIS_X_M35_44,0.0,0.0,0.0,0.0,0.0,1.142,1.839,2.349
ESRD_NORIGDIS_X_M45_54,0.0,0.0,0.0,0.0,0.0,1.181,1.839,2.349
ESRD_NORIGDIS_X_M55_59,0.0,0.0,0.0,0.0,0.0,1.181,1.956,2.349
ESRD_NORIGDIS_X_M60_64,0.0,0.0,0.0,0.0,0.0,1.181,2.068,2.349
ESRD_NORIGDIS_X_M65,0.0,0.0,0.0,0.0,0.0,1.547,2.215,2.349
ESRD_NORIGDIS_X_M66,0.0,0.0,0.0,0.0,0.0,1.547,2.215,2.349
ESRD_NORIGDIS_X_M67,0.0,0.0,0.0,0.0,0.0,1.547,2.215,2.349
ESRD_NORIGDIS_X_M68,0.0,0.0,0.0,0.0,0.0,1.547,2.215,2.349
ESRD_NORIGDIS_X_M69,0.0,0.0,0.0,0.0,0.0,1.547,2.215,2.349
ESRD_NORIGDIS_X_M70_74,0.0,0.0,0.0,0.0,0.0,1.547,2.215,2.349
ESRD_NORIGDIS_X_M75_79,0.0,0.0,0.0,0.0,0.0,1.547,2.215,2.349
ESRD_NORIGDIS_X_M80_84,0.0,0.0,0.0,0.0,0.0,1.547,2.215,2.349
ESRD_NORIGDIS_X_M85_89,0.0,0.0,0.0,0.0,0.0,1.547,2.215,2.349
ESRD_NORIGDIS_X_M90_94,0.0,0.0,0.0,0.0,0.0,1.547,2.215,2.349
ESRD_NORIGDIS_X_M95_GT,0.0,0.0,0.0,0.0,0.0,1.547,2.215,2.349
ESRD_NORIGDIS_X_F0_34,0.0,0.0,0.0,0.0,0.0,1.444,2.271,2.538
ESRD_NORIGDIS_X_F35_44,0.0,0.0,0.0,0.0,0.0,1.444,2.271,2.538
ESRD_NORIGDIS_X_F45_54,0.0,0.0,0.0,0.0,0.0,1.26,2.271,2.538
ESRD_NORIGDIS_X_F55_59,0.0,0.0,0.0,0.0,0.0,1.26,2.014,2.538
ESRD_NORIGDIS_X_F60_64,0.0,0.0,0.0,0.0,0.0,1.26,2.014,2.538
ESRD_NORIGDIS_X_F65,0.0,0.0,0.0,0.0,0.0,1.303,2.131,2.538
ESRD_NORIGDIS_X_F66,0.0,0.0,0.0,0.0,0.0,1.303,2.131,2.538
ESRD_NORIGDIS_X_F67,0.0,0.0,0.0,0.0,0.0,1.303,2.131,2.538
ESRD_NORIGDIS_X_F68,0.0,0.0,0.0,0.0,0.0,1.303,2.131,2.538
ESRD_NORIGDIS_X_F69,0.0,0.0,0.0,0.0,0.0,1.303,2.131,2.538
ESRD_NORIGDIS_X_F70_74,0.0,0.0,0.0,0.0,0.0,1.303,2.131,2.538
ESRD_NORIGDIS_X_F75_79,0.0,0.0,0.0,0.0,0.0,1.303,2.131,2.538
ESRD_NORIGDIS_X_F80_84,0.0,0.0,0.0,0.0,0.0,1.303,2.131,2.538
ESRD_NORIGDIS_X_F85_89,0.0,0.0,0.0,0.0,0.0,1.303,2.131,2.538
ESRD_NORIGDIS_X_F90_94,0.0,0.0,0.0,0.0,0.0,1.303,2.131,2.538
ESRD_NORIGDIS_X_F95_GT,0.0,0.0,0.0,0.0,0.0,1.303,2.131,2.538
NESRD_ORIGDIS_X_M65,0.0,0.0,0.0,0.0,0.0,1.011,1.448,2.365
NESRD_ORIGDIS_X_M66,0.0,0.0,0.0,0.0,0.0,0.961,0.927,2.365
NESRD_ORIGDIS_X_M67,0.0,0.0,0.0,0.0,0.0,0.526,0.927,1.67
NESRD_ORIGDIS_X_M68,0.0,0.0,0.0,0.0,0.0,0.526,0.927,1.67
NESRD_ORIGDIS_X_M69,0.0,0.0,0.0,0.0,0.0,0.526,0.679,1.668
NESRD_ORIGDIS_X_M70_74,0.0,0.0,0.0,0.0,0.0,0.619,0.65,1.668
NESRD_ORIGDIS_X_M75_79,0.0,0.0,0.0,0.0,0.0,0.619,0.65,1.668
NESRD_ORIGDIS_X_M80_84,0.0,0.0,0.0,0.0,0.0,0.619,0.589,1.046
NESRD_ORIGDIS_X_M85_89,0.0,0.0,0.0,0.0,0.0,0.708,0.589,1.046
NESRD_ORIGDIS_X_M90_94,0.0,0.0,0.0,0.0,0.0,0.708,0.334,0.74
NESRD_ORIGDIS_X_M95_GT,0.0,0.0,0.0,0.0,0.0,0.708,0.334,0.605
NESRD_ORIGDIS_X_F65,0.0,0.0,0.0,0.0,0.0,1.143,1.638,2.791
NESRD_ORIGDIS_X_F66,0.0,0.0,0.0,0.0,0.0,1.143,1.213,2.791
NESRD_ORIGDIS_X_F67,0.0,0.0,0.0,0.0,0.0,1.143,1.01,2.338
NESRD_ORIGDIS_X_F68,0.0,0.0,0.0,0.0,0.0,1.028,1.01,2.338
NESRD_ORIGDIS_X_F69,0.0,0.0,0.0,0.0,0.0,1.028,1.01,1.609
NESRD_ORIGDIS_X_F70_74,0.0,0.0,0.0,0.0,0.0,1.028,0.953,1.609
NESRD_ORIGDIS_X_F75_79,0.0,0.0,0.0,0.0,0.0,0.832,0.687,1.609
NESRD_ORIGDIS_X_F80_84,0.0,0.0,0.0,0.0,0.0,0.522,0.687,1.054
NESRD_ORIGDIS_X_F85_89,0.0,0.0,0.0,0.0,0.0,0.522,0.687,1.054
NESRD_ORIGDIS_X_F90_94,0.0,0.0,0.0,0.0,0.0,0.397,0.423,0.658
NESRD_ORIGDIS_X_F95_GT,0.0,0.0,0.0,0.0,0.0,0.397,0.423,0.658
ESRD_ORIGDIS_X_M65,0.0,0.0,0.0,0.0,0.0,1.547,2.215,2.349
ESRD_ORIGDIS_X_M66,0.0,0.0,0.0,0.0,0.0,1.547,2.215,2.349
ESRD_ORIGDIS_X_M67,0.0,0.0,0.0,0.0,0.0,1.547,2.215,2.349
ESRD_ORIGDIS_X_M68,0.0,0.0,0.0,0.0,0.0,1.547,2.215,2.349
ESRD_ORIGDIS_X_M69,0.0,0.0,0.0,0.0,0.0,1.547,2.215,2.349
ESRD_ORIGDIS_X_M70_74,0.0,0.0,0.0,0.0,0.0,1.547,2.215,2.349
ESRD_ORIGDIS_X_M75_79,0.0,0.0,0.0,0.0,0.0,1.547,2.215,2.349
ESRD_ORIGDIS_X_M80_84,0.0,0.0,0.0,0.0,0.0,1.547,2.215,2.349
ESRD_ORIGDIS_X_M85_89,0.0,0.0,0.0,0.0,0.0,1.547,2.215,2.349
ESRD_ORIGDIS_X_M90_94,0.0,0.0,0.0,0.0,0.0,1.547,2.215,2.349
ESRD_ORIGDIS_X_M95_GT,0.0,0.0,0.0,0.0,0.0,1.547,2.215,2.349
ESRD_ORIGDIS_X_F65,0.0,0.0,0.0,0.0,0.0,1.303,2.131,2.538
ESRD_ORIGDIS_X_F66,0.0,0.0,0.0,0.0,0.0,1.303,2.131,2.538
ESRD_ORIGDIS_X_F67,0.0,0.0,0.0,0.0,0.0,1.303,2.131,2.538
ESRD_ORIGDIS_X_F68,0.0,0.0,0.0,0.0,0.0,1.303,2.131,2.538
ESRD_ORIGDIS_X_F69,0.0,0.0,0.0,0.0,0.0,1.303,2.131,2.538
ESRD_ORIGDIS_X_F70_74,0.0,0.0,0.0,0.0,0.0,1.303,2.131,2.538
ESRD_ORIGDIS_X_F75_79,0.0,0.0,0.0,0.0,0.0,1.303,2.131,2.538
ESRD_ORIGDIS_X_F80_84,0.0,0.0,0.0,0.0,0.0,1.303,2.131,2.538
ESRD_ORIGDIS_X_F85_89,0.0,0.0,0.0,0.0,0.0,1.303,2.131,2.538
ESRD_ORIGDIS_X_F90_94,0.0,0.0,0.0,0.0,0.0,1.303,2.131,2.538
ESRD_ORIGDIS_X_F95_GT,0.0,0.0,0.0,0.0,0.0,1.303,2.131,2.538
