category,CNA,CND,CFA,CFD,CPA,CPD,INS,NE_NMCAID_NORIGDIS,NE_MCAID_NORIGDIS,NE_NMCAID_ORIGDIS,NE_MCAID_ORIGDIS
F0_34,0.0,0.244,0.0,0.318,0.0,0.344,1.031,0.0,0.0,0.0,0.0
F35_44,0.0,0.303,0.0,0.306,0.0,0.383,0.999,0.0,0.0,0.0,0.0
F45_54,0.0,0.322,0.0,0.338,0.0,0.374,1.007,0.0,0.0,0.0,0.0
F55_59,0.0,0.35,0.0,0.388,0.0,0.371,0.986,0.0,0.0,0.0,0.0
F60_64,0.0,0.411,0.0,0.449,0.0,0.395,1.028,0.0,0.0,0.0,0.0
F65_69,0.312,0.0,0.425,0.0,0.341,0.0,1.2,0.0,0.0,0.0,0.0
F70_74,0.374,0.0,0.511,0.0,0.406,0.0,1.092,0.0,0.0,0.0,0.0
F75_79,0.448,0.0,0.611,0.0,0.484,0.0,0.995,0.0,0.0,0.0,0.0
F80_84,0.537,0.0,0.739,0.0,0.552,0.0,0.86,0.0,0.0,0.0,0.0
F85_89,0.664,0.0,0.917,0.0,0.678,0.0,0.749,0.0,0.0,0.0,0.0
F90_94,0.797,0.0,1.037,0.0,0.817,0.0,0.626,0.0,0.0,0.0,0.0
F95_GT,0.816,0.0,1.094,0.0,0.913,0.0,0.456,0.0,0.0,0.0,0.0
M0_34,0.0,0.155,0.0,0.225,0.0,0.33,1.049,0.0,0.0,0.0,0.0
M35_44,0.0,0.19,0.0,0.204,0.0,0.267,1.074,0.0,0.0,0.0,0.0
M45_54,0.0,0.221,0.0,0.281,0.0,0.3,1.008,0.0,0.0,0.0,0.0
M55_59,0.0,0.271,0.0,0.372,0.0,0.307,1.055,0.0,0.0,0.0,0.0
M60_64,0.0,0.303,0.0,0.486,0.0,0.343,1.039,0.0,0.0,0.0,0.0
M65_69,0.3,0.0,0.492,0.0,0.334,0.0,1.269,0.0,0.0,0.0,0.0
M70_74,0.379,0.0,0.582,0.0,0.409,0.0,1.323,0.0,0.0,0.0,0.0
M75_79,0.466,0.0,0.692,0.0,0.491,0.0,1.331,0.0,0.0,0.0,0.0
M80_84,0.561,0.0,0.816,0.0,0.546,0.0,1.189,0.0,0.0,0.0,0.0
M85_89,0.694,0.0,1.009,0.0,0.679,0.0,1.129,0.0,0.0,0.0,0.0
M90_94,0.857,0.0,1.186,0.0,0.822,0.0,0.964,0.0,0.0,0.0,0.0
M95_GT,0.976,0.0,1.268,0.0,1.038,0.0,0.781,0.0,0.0,0.0,0.0
OriginallyDisabled_Female,0.244,0.0,0.172,0.0,0.126,0.0,0.0,0.0,0.0,0.0,0.0
OriginallyDisabled_Male,0.152,0.0,0.192,0.0,0.105,0.0,0.0,0.0,0.0,0.0,0.0
LTIMCAID,0.0,0.0,0.0,0.0,0.0,0.0,0.062,0.0,0.0,0.0,0.0
HCC1,0.312,0.288,0.585,0.5,0.55,0.232,1.747,0.0,0.0,0.0,0.0
HCC2,0.455,0.532,0.596,0.811,0.409,0.417,0.346,0.0,0.0,0.0,0.0
HCC6,0.435,0.704,0.548,0.919,0.482,0.765,0.58,0.0,0.0,0.0,0.0
HCC8,2.625,2.644,2.542,2.767,2.442,2.582,1.143,0.0,0.0,0.0,0.0
HCC9,0.97,0.927,0.973,1.025,0.955,0.879,0.727,0.0,0.0,0.0,0.0
HCC10,0.677,0.656,0.713,0.761,0.667,0.577,0.401,0.0,0.0,0.0,0.0
HCC11,0.301,0.352,0.332,0.361,0.325,0.4,0.293,0.0,0.0,0.0,0.0
HCC12,0.146,0.202,0.159,0.19,0.152,0.182,0.199,0.0,0.0,0.0,0.0
HCC17,0.318,0.371,0.346,0.431,0.354,0.423,0.441,0.0,0.0,0.0,0.0
HCC18,0.318,0.371,0.346,0.431,0.354,0.423,0.441,0.0,0.0,0.0,0.0
HCC19,0.104,0.128,0.097,0.16,0.098,0.136,0.16,0.0,0.0,0.0,0.0
HCC21,0.545,0.753,0.752,0.845,0.562,0.709,0.26,0.0,0.0,0.0,0.0
HCC22,0.273,0.227,0.41,0.373,0.244,0.242,0.511,0.0,0.0,0.0,0.0
HCC23,0.228,0.444,0.228,0.353,0.193,0.351,0.337,0.0,0.0,0.0,0.0
HCC27,0.962,1.11,1.242,1.349,0.889,0.963,0.962,0.0,0.0,0.0,0.0
HCC28,0.39,0.394,0.342,0.491,0.46,0.324,0.39,0.0,0.0,0.0,0.0
HCC29,0.165,0.267,0.038,0.4,0.263,0.324,0.39,0.0,0.0,0.0,0.0
HCC33,0.246,0.524,0.369,0.503,0.324,0.51,0.335,0.0,0.0,0.0,0.0
HCC34,0.276,0.678,0.333,0.875,0.412,0.849,0.241,0.0,0.0,0.0,0.0
HCC35,0.294,0.483,0.334,0.613,0.209,0.496,0.244,0.0,0.0,0.0,0.0
HCC39,0.425,0.474,0.552,0.713,0.418,0.491,0.345,0.0,0.0,0.0,0.0
HCC40,0.423,0.377,0.37,0.345,0.39,0.29,0.329,0.0,0.0,0.0,0.0
HCC46,1.388,3.188,1.219,4.256,1.226,3.529,0.68,0.0,0.0,0.0,0.0
HCC47,0.625,0.848,0.529,0.589,0.449,0.69,0.529,0.0,0.0,0.0,0.0
HCC48,0.221,0.339,0.268,0.378,0.225,0.382,0.151,0.0,0.0,0.0,0.0
HCC54,0.383,0.569,0.706,0.919,0.388,0.613,0.102,0.0,0.0,0.0,0.0
HCC55,0.383,0.285,0.522,0.366,0.377,0.286,0.102,0.0,0.0,0.0,0.0
HCC57,0.608,0.395,0.612,0.432,0.547,0.366,0.271,0.0,0.0,0.0,0.0
HCC58,0.395,0.209,0.444,0.178,0.413,0.163,0.271,0.0,0.0,0.0,0.0
HCC70,1.314,1.053,1.098,1.056,1.274,1.328,0.497,0.0,0.0,0.0,0.0
HCC71,1.007,0.704,0.92,1.019,0.958,0.908,0.467,0.0,0.0,0.0,0.0
HCC72,0.528,0.456,0.552,0.407,0.556,0.384,0.229,0.0,0.0,0.0,0.0
HCC73,0.97,1.082,1.23,1.219,0.57,0.814,0.224,0.0,0.0,0.0,0.0
HCC74,0.28,0.132,0.0,0.0,0.158,0.052,0.0,0.0,0.0,0.0,0.0
HCC75,0.457,0.528,0.436,0.465,0.364,0.331,0.369,0.0,0.0,0.0,0.0
HCC76,0.505,0.457,0.553,0.512,0.429,0.168,0.104,0.0,0.0,0.0,0.0
HCC77,0.441,0.54,0.687,0.794,0.407,0.459,0.0,0.0,0.0,0.0,0.0
HCC78,0.674,0.585,0.751,0.516,0.629,0.394,0.145,0.0,0.0,0.0,0.0
HCC79,0.309,0.227,0.357,0.195,0.349,0.245,0.088,0.0,0.0,0.0,0.0
HCC80,0.584,0.302,0.946,0.324,0.508,0.155,0.042,0.0,0.0,0.0,0.0
HCC82,1.055,1.024,2.304,1.575,0.914,0.676,1.631,0.0,0.0,0.0,0.0
HCC83,0.658,0.781,1.033,0.484,0.704,0.429,0.727,0.0,0.0,0.0,0.0
HCC84,0.302,0.578,0.471,0.484,0.301,0.429,0.297,0.0,0.0,0.0,0.0
HCC85,0.323,0.412,0.355,0.415,0.32,0.367,0.191,0.0,0.0,0.0,0.0
HCC86,0.233,0.306,0.473,0.618,0.28,0.438,0.497,0.0,0.0,0.0,0.0
HCC87,0.218,0.306,0.336,0.618,0.28,0.438,0.497,0.0,0.0,0.0,0.0
HCC88,0.14,0.121,0.068,0.205,0.175,0.22,0.497,0.0,0.0,0.0,0.0
HCC96,0.268,0.284,0.369,0.377,0.283,0.258,0.224,0.0,0.0,0.0,0.0
HCC99,0.263,0.282,0.474,0.69,0.278,0.28,0.114,0.0,0.0,0.0,0.0
HCC100,0.263,0.195,0.474,0.357,0.27,0.232,0.114,0.0,0.0,0.0,0.0
HCC103,0.538,0.324,0.548,0.435,0.603,0.401,0.031,0.0,0.0,0.0,0.0
HCC104,0.395,0.258,0.374,0.381,0.559,0.401,0.031,0.0,0.0,0.0,0.0
HCC106,1.461,1.506,1.744,1.74,1.452,1.601,0.884,0.0,0.0,0.0,0.0
HCC107,0.4,0.486,0.54,0.756,0.443,0.549,0.321,0.0,0.0,0.0,0.0
HCC108,0.298,0.333,0.324,0.319,0.316,0.326,0.094,0.0,0.0,0.0,0.0
HCC110,0.62,2.538,0.985,3.365,0.358,2.861,0.305,0.0,0.0,0.0,0.0
HCC111,0.328,0.262,0.422,0.354,0.358,0.293,0.305,0.0,0.0,0.0,0.0
HCC112,0.209,0.262,0.134,0.322,0.172,0.174,0.057,0.0,0.0,0.0,0.0
HCC114,0.599,0.53,0.707,0.49,0.666,0.373,0.067,0.0,0.0,0.0,0.0
HCC115,0.221,0.128,0.162,0.049,0.302,0.22,0.067,0.0,0.0,0.0,0.0
HCC122,0.217,0.171,0.223,0.284,0.276,0.195,0.46,0.0,0.0,0.0,0.0
HCC124,0.499,0.385,0.278,0.09,0.336,0.115,0.228,0.0,0.0,0.0,0.0
HCC134,0.422,0.5,0.672,0.637,0.435,0.512,0.462,0.0,0.0,0.0,0.0
HCC135,0.422,0.5,0.672,0.637,0.435,0.512,0.462,0.0,0.0,0.0,0.0
HCC136,0.237,0.141,0.244,0.167,0.184,0.147,0.436,0.0,0.0,0.0,0.0
HCC137,0.237,0.141,0.244,0.079,0.184,0.035,0.202,0.0,0.0,0.0,0.0
HCC157,2.163,2.203,2.879,2.626,2.274,2.655,0.924,0.0,0.0,0.0,0.0
HCC158,1.204,1.393,1.576,1.559,1.074,1.237,0.295,0.0,0.0,0.0,0.0
HCC161,0.535,0.636,0.757,0.631,0.586,0.62,0.294,0.0,0.0,0.0,0.0
HCC162,0.321,0.348,0.003,0.537,0.525,0.119,0.076,0.0,0.0,0.0,0.0
HCC166,0.584,0.302,0.946,0.324,1.065,0.155,0.042,0.0,0.0,0.0,0.0
HCC167,0.191,0.044,0.274,0.171,0.133,0.049,0.0,0.0,0.0,0.0,0.0
HCC169,0.495,0.456,0.552,0.407,0.516,0.384,0.209,0.0,0.0,0.0,0.0
HCC170,0.418,0.513,0.52,0.668,0.383,0.484,0.0,0.0,0.0,0.0,0.0
HCC173,0.266,0.34,0.412,0.383,0.233,0.232,0.267,0.0,0.0,0.0,0.0
HCC176,0.597,0.871,0.721,1.156,0.584,0.876,0.502,0.0,0.0,0.0,0.0
HCC186,1.0,0.618,0.816,1.075,0.795,0.655,0.962,0.0,0.0,0.0,0.0
HCC188,0.571,0.785,0.775,0.87,0.579,0.867,0.5,0.0,0.0,0.0,0.0
HCC189,0.588,0.455,0.787,1.065,0.737,0.696,0.407,0.0,0.0,0.0,0.0
HCC47_gCancer,0.893,0.675,0.815,0.652,0.776,0.808,0.0,0.0,0.0,0.0,0.0
HCC85_gDiabetesMellit,0.154,0.096,0.205,0.16,0.178,0.139,0.0,0.0,0.0,0.0,0.0
HCC85_gCopdCF,0.19,0.174,0.24,0.217,0.186,0.181,0.0,0.0,0.0,0.0,0.0
HCC85_gRenal,0.27,0.493,0.271,0.711,0.299,0.609,0.0,0.0,0.0,0.0,0.0
gRespDepandArre_gCopdCF,0.336,0.256,0.564,0.524,0.46,0.449,0.0,0.0,0.0,0.0,0.0
HCC85_HCC96,0.105,0.285,0.2,0.405,0.116,0.318,0.0,0.0,0.0,0.0,0.0
gSubstanceAbuse_gPsychiatric,0.0,0.191,0.0,0.233,0.0,0.23,0.0,0.0,0.0,0.0,0.0
CHF_gCopdCF,0.0,0.0,0.0,0.0,0.0,0.0,0.164,0.0,0.0,0.0,0.0
gCopdCF_CARD_RESP_FAIL,0.0,0.0,0.0,0.0,0.0,0.0,0.423,0.0,0.0,0.0,0.0
SEPSIS_PRESSURE_ULCER,0.0,0.0,0.0,0.0,0.0,0.0,0.252,0.0,0.0,0.0,0.0
SEPSIS_ARTIF_OPENINGS,0.0,0.0,0.0,0.0,0.0,0.0,0.568,0.0,0.0,0.0,0.0
ART_OPENINGS_PRESSURE_ULCER,0.0,0.0,0.0,0.0,0.0,0.0,0.331,0.0,0.0,0.0,0.0
DIABETES_CHF,0.0,0.0,0.0,0.0,0.0,0.0,0.154,0.0,0.0,0.0,0.0
gCopdCF_ASP_SPEC_BACT_PNEUM,0.0,0.0,0.0,0.0,0.0,0.0,0.254,0.0,0.0,0.0,0.0
ASP_SPEC_BACT_PNEUM_PRES_ULC,0.0,0.0,0.0,0.0,0.0,0.0,0.366,0.0,0.0,0.0,0.0
SEPSIS_ASP_SPEC_BACT_PNEUM,0.0,0.0,0.0,0.0,0.0,0.0,0.321,0.0,0.0,0.0,0.0
SCHIZOPHRENIA_gCopdCF,0.0,0.0,0.0,0.0,0.0,0.0,0.363,0.0,0.0,0.0,0.0
SCHIZOPHRENIA_CHF,0.0,0.0,0.0,0.0,0.0,0.0,0.173,0.0,0.0,0.0,0.0
SCHIZOPHRENIA_SEIZURES,0.0,0.0,0.0,0.0,0.0,0.0,0.483,0.0,0.0,0.0,0.0
DISABLED_HCC85,0.0,0.0,0.0,0.0,0.0,0.0,0.321,0.0,0.0,0.0,0.0
DISABLED_PRESSURE_ULCER,0.0,0.0,0.0,0.0,0.0,0.0,0.608,0.0,0.0,0.0,0.0
DISABLED_HCC161,0.0,0.0,0.0,0.0,0.0,0.0,0.369,0.0,0.0,0.0,0.0
DISABLED_HCC39,0.0,0.0,0.0,0.0,0.0,0.0,0.567,0.0,0.0,0.0,0.0
DISABLED_HCC77,0.0,0.0,0.0,0.0,0.0,0.0,0.425,0.0,0.0,0.0,0.0
DISABLED_HCC6,0.0,0.0,0.0,0.0,0.0,0.0,0.277,0.0,0.0,0.0,0.0
NEF0_34,0.0,0.0,0.0,0.0,0.0,0.0,0.0,0.664,0.985,0.0,0.0
NEF35_44,0.0,0.0,0.0,0.0,0.0,0.0,0.0,0.936,1.221,0.0,0.0
NEF45_54,0.0,0.0,0.0,0.0,0.0,0.0,0.0,1.035,1.337,0.0,0.0
NEF55_59,0.0,0.0,0.0,0.0,0.0,0.0,0.0,1.004,1.342,0.0,0.0
NEF60_64,0.0,0.0,0.0,0.0,0.0,0.0,0.0,1.122,1.438,0.0,0.0
NEF65,0.0,0.0,0.0,0.0,0.0,0.0,0.0,0.522,1.059,1.13,1.566
NEF66,0.0,0.0,0.0,0.0,0.0,0.0,0.0,0.516,0.946,1.167,1.619
NEF67,0.0,0.0,0.0,0.0,0.0,0.0,0.0,0.544,0.946,1.167,1.619
NEF68,0.0,0.0,0.0,0.0,0.0,0.0,0.0,0.581,0.946,1.167,1.619
NEF69,0.0,0.0,0.0,0.0,0.0,0.0,0.0,0.605,0.946,1.167,1.619
NEF70_74,0.0,0.0,0.0,0.0,0.0,0.0,0.0,0.674,0.975,1.167,1.619
NEF75_79,0.0,0.0,0.0,0.0,0.0,0.0,0.0,0.892,1.092,1.167,1.619
NEF80_84,0.0,0.0,0.0,0.0,0.0,0.0,0.0,1.066,1.395,1.167,1.619
NEF85_89,0.0,0.0,0.0,0.0,0.0,0.0,0.0,1.324,1.458,1.167,1.619
NEF90_94,0.0,0.0,0.0,0.0,0.0,0.0,0.0,1.324,1.678,1.167,1.619
NEF95_GT,0.0,0.0,0.0,0.0,0.0,0.0,0.0,1.324,1.678,1.167,1.619
NEM0_34,0.0,0.0,0.0,0.0,0.0,0.0,0.0,0.456,0.766,0.0,0.0
NEM35_44,0.0,0.0,0.0,0.0,0.0,0.0,0.0,0.665,1.095,0.0,0.0
NEM45_54,0.0,0.0,0.0,0.0,0.0,0.0,0.0,0.834,1.357,0.0,0.0
NEM55_59,0.0,0.0,0.0,0.0,0.0,0.0,0.0,0.889,1.422,0.0,0.0
NEM60_64,0.0,0.0,0.0,0.0,0.0,0.0,0.0,0.923,1.582,0.0,0.0
NEM65,0.0,0.0,0.0,0.0,0.0,0.0,0.0,0.514,1.201,0.79,1.613
NEM66,0.0,0.0,0.0,0.0,0.0,0.0,0.0,0.533,1.208,0.957,1.613
NEM67,0.0,0.0,0.0,0.0,0.0,0.0,0.0,0.575,1.208,1.005,2.202
NEM68,0.0,0.0,0.0,0.0,0.0,0.0,0.0,0.641,1.208,1.074,2.202
NEM69,0.0,0.0,0.0,0.0,0.0,0.0,0.0,0.671,1.311,1.398,2.202
NEM70_74,0.0,0.0,0.0,0.0,0.0,0.0,0.0,0.776,1.311,1.398,2.202
NEM75_79,0.0,0.0,0.0,0.0,0.0,0.0,0.0,1.04,1.361,1.398,2.202
NEM80_84,0.0,0.0,0.0,0.0,0.0,0.0,0.0,1.27,1.603,1.398,2.202
NEM85_89,0.0,0.0,0.0,0.0,0.0,0.0,0.0,1.511,1.85,1.398,2.202
NEM90_94,0.0,0.0,0.0,0.0,0.0,0.0,0.0,1.511,1.85,1.398,2.202
NEM95_GT,0.0,0.0,0.0,0.0,0.0,0.0,0.0,1.511,1.85,1.398,2.202
